,Unnamed: 0,Close,% Change,Trade,open %change,Open,low %change
64,142,10.73,4.43,1,21.203987730061343,10.275,13.764162819974812
